<?xml version="1.0" encoding="UTF-8"?>
<OpenSearchDescription xmlns="http://a9.com/-/spec/opensearch/1.1/"
                       xmlns:moz="http://www.mozilla.org/2006/browser/search/">
  <ShortName>air API文档中心</ShortName>
  <Description>Search air API文档中心</Description>
  <InputEncoding>UTF-8</InputEncoding>
  <Image width="16" height="16" type="image/x-icon">https://your-docusaurus-site.example.com/compress_tool/img/favicon.ico</Image>
  <Url type="text/html" method="get" template="https://your-docusaurus-site.example.com/compress_tool/search?q={searchTerms}"/>
  <Url type="application/opensearchdescription+xml" rel="self" template="https://your-docusaurus-site.example.com/compress_tool/opensearch.xml" />
  <moz:SearchForm>https://your-docusaurus-site.example.com/compress_tool/</moz:SearchForm>
</OpenSearchDescription>